Total,HP,Attack,Defense,Sp. Atk,Sp. Def,Speed,Legendary
318,45,49,49,65,65,45,FALSE
405,60,62,63,80,80,60,FALSE
525,80,82,83,100,100,80,FALSE
625,80,100,123,122,120,80,FALSE
309,39,52,43,60,50,65,FALSE
405,58,64,58,80,65,80,FALSE
534,78,84,78,109,85,100,FALSE
634,78,130,111,130,85,100,FALSE
634,78,104,78,159,115,100,FALSE
314,44,48,65,50,64,43,FALSE
405,59,63,80,65,80,58,FALSE
530,79,83,100,85,105,78,FALSE
630,79,103,120,135,115,78,FALSE
195,45,30,35,20,20,45,FALSE
205,50,20,55,25,25,30,FALSE
395,60,45,50,90,80,70,FALSE
195,40,35,30,20,20,50,FALSE
205,45,25,50,25,25,35,FALSE
395,65,90,40,45,80,75,FALSE
495,65,150,40,15,80,145,FALSE
251,40,45,40,35,35,56,FALSE
349,63,60,55,50,50,71,FALSE
479,83,80,75,70,70,101,FALSE
579,83,80,80,135,80,121,FALSE
253,30,56,35,25,35,72,FALSE
413,55,81,60,50,70,97,FALSE
262,40,60,30,31,31,70,FALSE
442,65,90,65,61,61,100,FALSE
288,35,60,44,40,54,55,FALSE
438,60,85,69,65,79,80,FALSE
320,35,55,40,50,50,90,FALSE
485,60,90,55,90,80,110,FALSE
300,50,75,85,20,30,40,FALSE
450,75,100,110,45,55,65,FALSE
275,55,47,52,40,40,41,FALSE
365,70,62,67,55,55,56,FALSE
505,90,92,87,75,85,76,FALSE
273,46,57,40,40,40,50,FALSE
365,61,72,57,55,55,65,FALSE
505,81,102,77,85,75,85,FALSE
323,70,45,48,60,65,35,FALSE
483,95,70,73,95,90,60,FALSE
299,38,41,40,50,65,65,FALSE
505,73,76,75,81,100,100,FALSE
270,115,45,20,45,25,20,FALSE
435,140,70,45,85,50,45,FALSE
245,40,45,35,30,40,55,FALSE
455,75,80,70,65,75,90,FALSE
320,45,50,55,75,65,30,FALSE
395,60,65,70,85,75,40,FALSE
490,75,80,85,110,90,50,FALSE
285,35,70,55,45,55,25,FALSE
405,60,95,80,60,80,30,FALSE
305,60,55,50,40,55,45,FALSE
450,70,65,60,90,75,90,FALSE
265,10,55,25,35,45,95,FALSE
405,35,80,50,50,70,120,FALSE
290,40,45,35,40,40,90,FALSE
440,65,70,60,65,65,115,FALSE
320,50,52,48,65,50,55,FALSE
500,80,82,78,95,80,85,FALSE
305,40,80,35,35,45,70,FALSE
455,65,105,60,60,70,95,FALSE
350,55,70,45,70,50,60,FALSE
555,90,110,80,100,80,95,FALSE
300,40,50,40,40,40,90,FALSE
385,65,65,65,50,50,90,FALSE
510,90,95,95,70,90,70,FALSE
310,25,20,15,105,55,90,FALSE
400,40,35,30,120,70,105,FALSE
500,55,50,45,135,95,120,FALSE
590,55,50,65,175,95,150,FALSE
305,70,80,50,35,35,35,FALSE
405,80,100,70,50,60,45,FALSE
505,90,130,80,65,85,55,FALSE
300,50,75,35,70,30,40,FALSE
390,65,90,50,85,45,55,FALSE
490,80,105,65,100,70,70,FALSE
335,40,40,35,50,100,70,FALSE
515,80,70,65,80,120,100,FALSE
300,40,80,100,30,30,20,FALSE
390,55,95,115,45,45,35,FALSE
495,80,120,130,55,65,45,FALSE
410,50,85,55,65,65,90,FALSE
500,65,100,70,80,80,105,FALSE
315,90,65,65,40,40,15,FALSE
490,95,75,110,100,80,30,FALSE
590,95,75,180,130,80,30,FALSE
325,25,35,70,95,55,45,FALSE
465,50,60,95,120,70,70,FALSE
352,52,65,55,58,62,60,FALSE
310,35,85,45,35,35,75,FALSE
460,60,110,70,60,60,100,FALSE
325,65,45,55,45,70,45,FALSE
475,90,70,80,70,95,70,FALSE
325,80,80,50,40,50,25,FALSE
500,105,105,75,65,100,50,FALSE
305,30,65,100,45,25,40,FALSE
525,50,95,180,85,45,70,FALSE
310,30,35,30,100,35,80,FALSE
405,45,50,45,115,55,95,FALSE
500,60,65,60,130,75,110,FALSE
600,60,65,80,170,95,130,FALSE
385,35,45,160,30,45,70,FALSE
328,60,48,45,43,90,42,FALSE
483,85,73,70,73,115,67,FALSE
325,30,105,90,25,25,50,FALSE
475,55,130,115,50,50,75,FALSE
330,40,30,50,55,55,100,FALSE
480,60,50,70,80,80,140,FALSE
325,60,40,80,60,45,40,FALSE
520,95,95,85,125,65,55,FALSE
320,50,50,95,40,50,35,FALSE
425,60,80,110,50,80,45,FALSE
455,50,120,53,35,110,87,FALSE
455,50,105,79,35,110,76,FALSE
385,90,55,75,60,75,30,FALSE
340,40,65,95,60,45,35,FALSE
490,65,90,120,85,70,60,FALSE
345,80,85,95,30,30,25,FALSE
485,105,130,120,45,45,40,FALSE
450,250,5,5,35,105,50,FALSE
435,65,55,115,100,40,60,FALSE
490,105,95,80,40,80,90,FALSE
590,105,125,100,60,100,100,FALSE
295,30,40,70,70,25,60,FALSE
440,55,65,95,95,45,85,FALSE
320,45,67,60,35,50,63,FALSE
450,80,92,65,65,80,68,FALSE
340,30,45,55,70,55,85,FALSE
520,60,75,85,100,85,115,FALSE
460,40,45,65,100,120,90,FALSE
500,70,110,80,55,80,105,FALSE
455,65,50,35,115,95,95,FALSE
490,65,83,57,95,85,105,FALSE
495,65,95,57,100,85,93,FALSE
500,65,125,100,55,70,85,FALSE
600,65,155,120,65,90,105,FALSE
490,75,100,95,40,70,110,FALSE
200,20,10,55,15,20,80,FALSE
540,95,125,79,60,100,81,FALSE
640,95,155,109,70,130,81,FALSE
535,130,85,80,85,95,60,FALSE
288,48,48,48,48,48,48,FALSE
325,55,55,50,45,65,55,FALSE
525,130,65,60,110,95,65,FALSE
525,65,65,60,110,95,130,FALSE
525,65,130,60,95,110,65,FALSE
395,65,60,70,85,75,40,FALSE
355,35,40,100,90,55,35,FALSE
495,70,60,125,115,70,55,FALSE
355,30,80,90,55,45,55,FALSE
495,60,115,105,65,70,80,FALSE
515,80,105,65,60,75,130,FALSE
615,80,135,85,70,95,150,FALSE
540,160,110,65,65,110,30,FALSE
580,90,85,100,95,125,85,TRUE
580,90,90,85,125,90,100,TRUE
580,90,100,90,125,85,90,TRUE
300,41,64,45,50,50,50,FALSE
420,61,84,65,70,70,70,FALSE
600,91,134,95,100,100,80,FALSE
680,106,110,90,154,90,130,TRUE
780,106,190,100,154,100,130,TRUE
780,106,150,70,194,120,140,TRUE
600,100,100,100,100,100,100,FALSE
318,45,49,65,49,65,45,FALSE
405,60,62,80,63,80,60,FALSE
525,80,82,100,83,100,80,FALSE
309,39,52,43,60,50,65,FALSE
405,58,64,58,80,65,80,FALSE
534,78,84,78,109,85,100,FALSE
314,50,65,64,44,48,43,FALSE
405,65,80,80,59,63,58,FALSE
530,85,105,100,79,83,78,FALSE
215,35,46,34,35,45,20,FALSE
415,85,76,64,45,55,90,FALSE
262,60,30,30,36,56,50,FALSE
442,100,50,50,76,96,70,FALSE
265,40,20,30,40,80,55,FALSE
390,55,35,50,55,110,85,FALSE
250,40,60,40,40,40,30,FALSE
390,70,90,70,60,60,40,FALSE
535,85,90,80,70,80,130,FALSE
330,75,38,38,56,56,67,FALSE
460,125,58,58,76,76,67,FALSE
205,20,40,15,35,35,60,FALSE
218,50,25,28,45,55,15,FALSE
210,90,30,15,40,20,15,FALSE
245,35,20,65,40,65,20,FALSE
405,55,40,85,80,105,40,FALSE
320,40,50,45,70,45,70,FALSE
470,65,75,70,95,70,95,FALSE
280,55,40,40,65,45,35,FALSE
365,70,55,55,80,60,45,FALSE
510,90,75,85,115,90,55,FALSE
610,90,95,105,165,110,45,FALSE
490,75,80,95,90,100,50,FALSE
250,70,20,50,20,50,40,FALSE
420,100,50,80,60,80,50,FALSE
410,70,100,115,30,65,30,FALSE
500,90,75,75,90,100,70,FALSE
250,35,35,40,35,55,50,FALSE
340,55,45,50,45,65,80,FALSE
460,75,55,70,55,95,110,FALSE
360,55,70,55,40,55,85,FALSE
180,30,30,30,30,30,30,FALSE
425,75,75,55,105,85,30,FALSE
390,65,65,45,75,45,95,FALSE
210,55,45,45,25,25,15,FALSE
430,95,85,85,65,65,35,FALSE
525,65,65,60,130,95,110,FALSE
525,95,65,110,60,130,65,FALSE
405,60,85,42,85,42,91,FALSE
490,95,75,80,100,110,30,FALSE
435,60,60,60,85,85,85,FALSE
336,48,72,48,72,48,48,FALSE
405,190,33,58,33,58,33,FALSE
455,70,80,65,90,65,85,FALSE
290,50,65,90,35,35,15,FALSE
465,75,90,140,60,60,40,FALSE
415,100,70,70,65,65,45,FALSE
430,65,75,105,35,65,85,FALSE
510,75,85,200,55,65,30,FALSE
610,75,125,230,55,95,30,FALSE
300,60,80,50,40,40,30,FALSE
450,90,120,75,60,60,45,FALSE
430,65,95,75,55,55,85,FALSE
500,70,130,100,55,80,65,FALSE
600,70,150,140,65,100,75,FALSE
505,20,10,230,10,230,5,FALSE
500,80,125,75,40,95,85,FALSE
600,80,185,115,40,105,75,FALSE
430,55,95,55,35,75,115,FALSE
330,60,80,50,50,50,40,FALSE
500,90,130,75,75,75,55,FALSE
250,40,40,40,70,40,20,FALSE
410,50,50,120,80,80,30,FALSE
250,50,50,40,30,30,50,FALSE
450,100,100,80,60,60,50,FALSE
380,55,55,85,65,85,35,FALSE
300,35,65,35,65,35,65,FALSE
480,75,105,75,105,75,45,FALSE
330,45,55,45,65,45,75,FALSE
465,65,40,70,80,140,70,FALSE
465,65,80,140,40,70,70,FALSE
330,45,60,30,80,50,65,FALSE
500,75,90,50,110,80,95,FALSE
600,75,90,90,140,90,115,FALSE
540,75,95,95,95,95,85,FALSE
330,90,60,60,40,40,40,FALSE
500,90,120,120,60,60,50,FALSE
515,85,80,90,105,95,60,FALSE
465,73,95,62,85,65,85,FALSE
250,55,20,35,20,45,75,FALSE
210,35,35,35,35,35,35,FALSE
455,50,95,95,35,110,70,FALSE
305,45,30,15,85,65,65,FALSE
360,45,63,37,65,55,95,FALSE
365,45,75,37,70,55,83,FALSE
490,95,80,105,40,70,100,FALSE
540,255,10,10,75,135,55,FALSE
580,90,85,75,115,100,115,TRUE
580,115,115,85,90,75,100,TRUE
580,100,75,115,90,115,85,TRUE
300,50,64,50,45,50,41,FALSE
410,70,84,70,65,70,51,FALSE
600,100,134,110,95,100,61,FALSE
700,100,164,150,95,120,71,FALSE
680,106,90,130,90,154,110,TRUE
680,106,130,90,110,154,90,TRUE
600,100,100,100,100,100,100,FALSE
310,40,45,35,65,55,70,FALSE
405,50,65,45,85,65,95,FALSE
530,70,85,65,105,85,120,FALSE
630,70,110,75,145,85,145,FALSE
310,45,60,40,70,50,45,FALSE
405,60,85,60,85,60,55,FALSE
530,80,120,70,110,70,80,FALSE
630,80,160,80,130,80,100,FALSE
310,50,70,50,50,50,40,FALSE
405,70,85,70,60,70,50,FALSE
535,100,110,90,85,90,60,FALSE
635,100,150,110,95,110,70,FALSE
220,35,55,35,30,30,35,FALSE
420,70,90,70,60,60,70,FALSE
240,38,30,41,30,41,60,FALSE
420,78,70,61,50,61,100,FALSE
195,45,45,35,20,30,20,FALSE
205,50,35,55,25,25,15,FALSE
395,60,70,50,100,50,65,FALSE
205,50,35,55,25,25,15,FALSE
385,60,50,70,50,90,65,FALSE
220,40,30,30,40,50,30,FALSE
340,60,50,50,60,70,50,FALSE
480,80,70,70,90,100,70,FALSE
220,40,40,50,30,30,30,FALSE
340,70,70,40,60,40,60,FALSE
480,90,100,60,90,60,80,FALSE
270,40,55,30,30,30,85,FALSE
430,60,85,60,50,50,125,FALSE
270,40,30,30,55,30,85,FALSE
430,60,50,100,85,70,65,FALSE
198,28,25,25,45,35,40,FALSE
278,38,35,35,65,55,50,FALSE
518,68,65,65,125,115,80,FALSE
618,68,85,65,165,135,100,FALSE
269,40,30,32,50,52,65,FALSE
414,70,60,62,80,82,60,FALSE
295,60,40,60,40,60,35,FALSE
460,60,130,80,60,60,70,FALSE
280,60,60,60,35,35,30,FALSE
440,80,80,80,55,55,90,FALSE
670,150,160,100,95,65,100,FALSE
266,31,45,90,30,30,40,FALSE
456,61,90,45,50,50,160,FALSE
236,1,90,45,30,30,40,FALSE
240,64,51,23,51,23,28,FALSE
360,84,71,43,71,43,48,FALSE
490,104,91,63,91,73,68,FALSE
237,72,60,30,20,30,25,FALSE
474,144,120,60,40,60,50,FALSE
190,50,20,40,20,40,20,FALSE
375,30,45,135,45,90,30,FALSE
260,50,45,45,35,35,50,FALSE
380,70,65,65,55,55,70,FALSE
380,50,75,75,65,65,50,FALSE
480,50,85,125,85,115,20,FALSE
380,50,85,85,55,55,50,FALSE
480,50,105,125,55,95,50,FALSE
330,50,70,100,40,40,30,FALSE
430,60,90,140,50,50,40,FALSE
530,70,110,180,60,60,50,FALSE
630,70,140,230,60,80,50,FALSE
280,30,40,55,40,55,60,FALSE
410,60,60,75,60,75,80,FALSE
510,60,100,85,80,85,100,FALSE
295,40,45,40,65,40,65,FALSE
475,70,75,60,105,60,105,FALSE
575,70,75,80,135,80,135,FALSE
405,60,50,40,85,75,95,FALSE
405,60,40,50,75,85,95,FALSE
400,65,73,55,47,75,85,FALSE
400,65,47,55,73,75,85,FALSE
400,50,60,45,100,80,65,FALSE
302,70,43,53,43,53,40,FALSE
467,100,73,83,73,83,55,FALSE
305,45,90,20,65,20,65,FALSE
460,70,120,40,95,40,95,FALSE
560,70,140,70,110,65,105,FALSE
400,130,70,35,70,35,60,FALSE
500,170,90,45,90,45,60,FALSE
305,60,60,40,65,45,35,FALSE
460,70,100,70,105,75,40,FALSE
560,70,120,100,145,105,20,FALSE
470,70,85,140,85,70,20,FALSE
330,60,25,35,70,80,60,FALSE
470,80,45,65,90,110,80,FALSE
360,60,60,60,60,60,60,FALSE
290,45,100,45,45,45,10,FALSE
340,50,70,50,50,50,70,FALSE
520,80,100,80,80,80,100,FALSE
335,50,85,40,85,40,35,FALSE
475,70,115,60,115,60,55,FALSE
310,45,40,60,40,75,50,FALSE
490,75,70,90,70,105,80,FALSE
590,75,110,110,110,105,80,FALSE
458,73,115,60,60,60,90,FALSE
458,73,100,60,100,60,65,FALSE
440,70,55,65,95,85,70,FALSE
440,70,95,85,55,65,70,FALSE
288,50,48,43,46,41,60,FALSE
468,110,78,73,76,71,60,FALSE
308,43,80,65,50,35,35,FALSE
468,63,120,85,90,55,55,FALSE
300,40,40,55,40,70,55,FALSE
500,60,70,105,70,120,75,FALSE
355,66,41,77,61,87,23,FALSE
495,86,81,97,81,107,43,FALSE
355,45,95,50,40,50,75,FALSE
495,75,125,100,70,80,45,FALSE
200,20,15,20,10,55,80,FALSE
540,95,60,79,100,125,81,FALSE
420,70,70,70,70,70,70,FALSE
440,60,90,70,60,120,40,FALSE
295,44,75,35,63,33,45,FALSE
455,64,115,65,83,63,65,FALSE
555,64,165,75,93,83,75,FALSE
295,20,40,90,30,90,25,FALSE
455,40,70,130,60,130,25,FALSE
460,99,68,83,72,87,51,FALSE
425,65,50,70,95,80,65,FALSE
465,65,130,60,75,60,75,FALSE
565,65,150,60,115,60,115,FALSE
260,95,23,48,23,48,23,FALSE
300,50,50,50,50,50,50,FALSE
480,80,80,80,80,80,80,FALSE
580,80,120,80,120,80,100,FALSE
290,70,40,50,55,50,25,FALSE
410,90,60,70,75,70,45,FALSE
530,110,80,90,95,90,65,FALSE
345,35,64,85,74,55,32,FALSE
485,55,104,105,94,75,52,FALSE
485,55,84,105,114,75,52,FALSE
485,100,90,130,45,65,55,FALSE
330,43,30,55,40,65,97,FALSE
300,45,75,60,40,30,50,FALSE
420,65,95,100,60,50,50,FALSE
600,95,135,80,110,80,100,FALSE
700,95,145,130,120,90,120,FALSE
300,40,55,80,35,60,30,FALSE
420,60,75,100,55,80,50,FALSE
600,80,135,130,95,90,70,FALSE
700,80,145,150,105,110,110,FALSE
580,80,100,200,50,100,50,TRUE
580,80,50,100,100,200,50,TRUE
580,80,75,150,75,150,50,TRUE
600,80,80,90,110,130,110,TRUE
700,80,100,120,140,150,110,TRUE
600,80,90,80,130,110,110,TRUE
700,80,130,100,160,120,110,TRUE
670,100,100,90,150,140,90,TRUE
770,100,150,90,180,160,90,TRUE
670,100,150,140,100,90,90,TRUE
770,100,180,160,150,90,90,TRUE
680,105,150,90,150,90,95,TRUE
780,105,180,100,180,100,115,TRUE
600,100,100,100,100,100,100,TRUE
600,50,150,50,150,50,150,TRUE
600,50,180,20,180,20,150,TRUE
600,50,70,160,70,160,90,TRUE
600,50,95,90,95,90,180,TRUE
318,55,68,64,45,55,31,FALSE
405,75,89,85,55,65,36,FALSE
525,95,109,105,75,85,56,FALSE
309,44,58,44,58,44,61,FALSE
405,64,78,52,78,52,81,FALSE
534,76,104,71,104,71,108,FALSE
314,53,51,53,61,56,40,FALSE
405,64,66,68,81,76,50,FALSE
530,84,86,88,111,101,60,FALSE
245,40,55,30,30,30,60,FALSE
340,55,75,50,40,40,80,FALSE
485,85,120,70,50,60,100,FALSE
250,59,45,40,35,40,31,FALSE
410,79,85,60,55,60,71,FALSE
194,37,25,41,25,41,25,FALSE
384,77,85,51,55,51,65,FALSE
263,45,65,34,40,34,45,FALSE
363,60,85,49,60,49,60,FALSE
523,80,120,79,95,79,70,FALSE
280,40,30,35,50,70,55,FALSE
515,60,70,65,125,105,90,FALSE
350,67,125,40,30,30,58,FALSE
495,97,165,60,65,50,58,FALSE
350,30,42,118,42,88,30,FALSE
495,60,52,168,47,138,30,FALSE
224,40,29,45,29,45,36,FALSE
424,60,59,85,79,105,36,FALSE
424,60,79,105,59,85,36,FALSE
424,60,69,95,69,95,36,FALSE
424,70,94,50,94,50,66,FALSE
244,30,30,42,30,42,70,FALSE
474,70,80,102,80,102,40,FALSE
405,60,45,70,45,90,95,FALSE
330,55,65,35,60,30,85,FALSE
495,85,105,55,85,50,115,FALSE
275,45,35,45,62,53,35,FALSE
450,70,60,70,87,78,85,FALSE
325,76,48,48,57,62,34,FALSE
475,111,83,68,92,82,39,FALSE
482,75,100,66,60,66,115,FALSE
348,90,50,34,60,44,70,FALSE
498,150,80,44,90,54,80,FALSE
350,55,66,44,44,56,85,FALSE
480,65,76,84,54,96,105,FALSE
580,65,136,94,54,96,135,FALSE
495,60,60,60,105,105,105,FALSE
505,100,125,52,105,52,71,FALSE
310,49,55,42,42,37,85,FALSE
452,71,82,64,64,59,112,FALSE
285,45,30,50,65,50,45,FALSE
329,63,63,47,41,41,74,FALSE
479,103,93,67,71,61,84,FALSE
300,57,24,86,24,86,23,FALSE
500,67,89,116,79,116,33,FALSE
290,50,80,95,10,45,10,FALSE
310,20,25,45,70,90,60,FALSE
220,100,5,5,15,65,30,FALSE
411,76,65,45,92,42,91,FALSE
485,50,92,108,92,108,35,FALSE
300,58,70,45,40,45,42,FALSE
410,68,90,65,50,55,82,FALSE
600,108,130,95,80,85,102,FALSE
700,108,170,115,120,95,92,FALSE
390,135,85,40,40,85,5,FALSE
285,40,70,40,35,40,60,FALSE
525,70,110,70,115,70,90,FALSE
625,70,145,88,140,70,112,FALSE
330,68,72,78,38,42,32,FALSE
525,108,112,118,68,72,47,FALSE
330,40,50,90,30,55,65,FALSE
500,70,90,110,60,75,95,FALSE
300,48,61,40,61,40,50,FALSE
490,83,106,65,86,65,85,FALSE
454,74,100,72,90,72,46,FALSE
330,49,49,56,49,61,66,FALSE
460,69,69,76,69,86,91,FALSE
345,45,20,50,60,120,50,FALSE
334,60,62,50,62,60,40,FALSE
494,90,92,75,92,85,60,FALSE
594,90,132,105,132,105,30,FALSE
510,70,120,65,45,85,125,FALSE
535,70,70,115,130,90,60,FALSE
515,110,85,95,80,95,50,FALSE
535,115,140,130,55,55,40,FALSE
535,100,100,125,110,50,50,FALSE
540,75,123,67,95,85,95,FALSE
540,75,95,67,125,95,83,FALSE
545,85,50,95,120,115,80,FALSE
515,86,76,86,116,56,95,FALSE
525,65,110,130,60,65,95,FALSE
525,65,60,110,130,95,65,FALSE
510,75,95,125,45,75,95,FALSE
530,110,130,80,70,60,80,FALSE
535,85,80,70,135,75,90,FALSE
518,68,125,65,65,115,80,FALSE
618,68,165,95,65,115,110,FALSE
525,60,55,145,75,150,40,FALSE
525,45,100,135,65,135,45,FALSE
480,70,80,70,80,70,110,FALSE
440,50,50,77,95,77,91,FALSE
520,50,65,107,105,107,86,FALSE
520,50,65,107,105,107,86,FALSE
520,50,65,107,105,107,86,FALSE
520,50,65,107,105,107,86,FALSE
520,50,65,107,105,107,86,FALSE
580,75,75,130,75,130,95,TRUE
580,80,105,105,105,105,80,TRUE
580,75,125,70,125,70,115,TRUE
680,100,120,120,150,100,90,TRUE
680,90,120,100,150,120,100,TRUE
600,91,90,106,130,106,77,TRUE
670,110,160,110,80,110,100,TRUE
680,150,100,120,100,120,90,TRUE
680,150,120,100,120,100,90,TRUE
600,120,70,120,75,130,85,FALSE
480,80,80,80,80,80,80,FALSE
600,100,100,100,100,100,100,FALSE
600,70,90,90,135,90,125,TRUE
600,100,100,100,100,100,100,TRUE
600,100,103,75,120,75,127,TRUE
720,120,120,120,120,120,120,TRUE
600,100,100,100,100,100,100,TRUE
308,45,45,55,45,55,63,FALSE
413,60,60,75,60,75,83,FALSE
528,75,75,95,75,95,113,FALSE
308,65,63,45,45,45,45,FALSE
418,90,93,55,70,55,55,FALSE
528,110,123,65,100,65,65,FALSE
308,55,55,45,63,45,45,FALSE
413,75,75,60,83,60,60,FALSE
528,95,100,85,108,70,70,FALSE
255,45,55,39,35,39,42,FALSE
420,60,85,69,60,69,77,FALSE
275,45,60,45,25,45,55,FALSE
370,65,80,65,35,65,60,FALSE
500,85,110,90,45,90,80,FALSE
281,41,50,37,50,37,66,FALSE
446,64,88,50,88,50,106,FALSE
316,50,53,48,53,48,64,FALSE
498,75,98,63,98,63,101,FALSE
316,50,53,48,53,48,64,FALSE
498,75,98,63,98,63,101,FALSE
316,50,53,48,53,48,64,FALSE
498,75,98,63,98,63,101,FALSE
292,76,25,45,67,55,24,FALSE
487,116,55,85,107,95,29,FALSE
264,50,55,50,36,30,43,FALSE
358,62,77,62,50,42,65,FALSE
488,80,115,80,65,55,93,FALSE
295,45,60,32,50,32,76,FALSE
497,75,100,63,80,63,116,FALSE
280,55,75,85,25,25,15,FALSE
390,70,105,105,50,40,20,FALSE
515,85,135,130,60,80,25,FALSE
313,55,45,43,55,43,72,FALSE
425,67,57,55,77,55,114,FALSE
328,60,85,40,30,45,68,FALSE
508,110,135,60,50,65,88,FALSE
445,103,60,86,60,86,50,FALSE
545,103,60,126,80,126,50,FALSE
305,75,80,55,25,35,35,FALSE
405,85,105,85,40,50,40,FALSE
505,105,140,95,55,65,45,FALSE
294,50,50,40,50,40,64,FALSE
384,75,65,55,65,55,69,FALSE
509,105,95,75,85,75,74,FALSE
465,120,100,85,30,85,45,FALSE
465,75,125,75,30,75,85,FALSE
310,45,53,70,40,60,42,FALSE
380,55,63,90,50,80,42,FALSE
500,75,103,80,70,80,92,FALSE
260,30,45,59,30,39,57,FALSE
360,40,55,99,40,79,47,FALSE
485,60,100,89,55,69,112,FALSE
280,40,27,60,37,50,66,FALSE
480,60,67,85,77,75,116,FALSE
280,45,35,50,70,50,30,FALSE
480,70,60,75,110,75,90,FALSE
460,70,92,65,80,55,98,FALSE
292,50,72,35,35,35,65,FALSE
351,60,82,45,45,45,74,FALSE
519,95,117,80,65,70,92,FALSE
315,70,90,45,15,45,50,FALSE
480,105,140,55,30,55,95,FALSE
540,105,30,105,140,105,55,FALSE
461,75,86,67,106,67,60,FALSE
325,50,65,85,35,35,55,FALSE
475,70,95,125,65,75,45,FALSE
348,50,75,70,35,70,48,FALSE
488,65,90,115,45,115,58,FALSE
490,72,58,80,103,80,97,FALSE
303,38,30,85,55,65,30,FALSE
483,58,50,145,95,105,30,FALSE
355,54,78,103,53,45,22,FALSE
495,74,108,133,83,65,32,FALSE
401,55,112,45,74,45,70,FALSE
567,75,140,65,112,65,110,FALSE
329,50,50,62,40,62,65,FALSE
474,80,95,82,60,82,75,FALSE
330,40,65,40,80,40,65,FALSE
510,60,105,60,120,60,105,FALSE
300,55,50,40,40,40,75,FALSE
470,75,95,60,65,60,115,FALSE
290,45,30,50,55,65,45,FALSE
390,60,45,70,75,85,55,FALSE
490,70,55,95,95,110,65,FALSE
290,45,30,40,105,50,20,FALSE
370,65,40,50,125,60,30,FALSE
490,110,65,75,125,85,30,FALSE
305,62,44,50,44,50,55,FALSE
473,75,87,63,87,63,98,FALSE
305,36,50,50,65,60,44,FALSE
395,51,65,65,80,75,59,FALSE
535,71,95,85,110,95,79,FALSE
335,60,60,50,40,50,75,FALSE
475,80,100,70,60,70,95,FALSE
428,55,75,60,75,60,103,FALSE
315,50,75,45,40,45,60,FALSE
495,70,135,105,60,105,20,FALSE
294,69,55,45,55,55,15,FALSE
464,114,85,70,85,80,30,FALSE
335,55,40,50,65,85,40,FALSE
480,100,60,70,85,105,60,FALSE
470,165,75,80,40,45,65,FALSE
319,50,47,50,57,50,65,FALSE
472,70,77,60,97,60,108,FALSE
305,44,50,91,24,86,10,FALSE
489,74,94,131,54,116,20,FALSE
300,40,55,70,45,60,30,FALSE
440,60,80,95,70,85,50,FALSE
520,60,100,115,70,85,90,FALSE
275,35,55,40,45,40,60,FALSE
405,65,85,70,75,70,40,FALSE
515,85,115,80,105,80,50,FALSE
335,55,55,55,85,55,30,FALSE
485,75,75,75,125,95,40,FALSE
275,50,30,55,65,55,20,FALSE
370,60,40,60,95,60,55,FALSE
520,60,55,90,145,90,80,FALSE
320,46,87,60,30,40,57,FALSE
410,66,117,70,40,50,67,FALSE
540,76,147,90,60,70,97,FALSE
305,55,70,40,60,40,40,FALSE
485,95,110,80,70,80,50,FALSE
485,70,50,30,95,135,105,FALSE
305,50,40,85,40,65,25,FALSE
495,80,70,40,100,60,145,FALSE
471,109,66,84,81,99,32,FALSE
350,45,85,50,55,50,65,FALSE
510,65,125,60,95,60,105,FALSE
485,77,120,90,60,90,48,FALSE
303,59,74,50,35,50,35,FALSE
483,89,124,80,55,80,55,FALSE
340,45,85,70,40,40,60,FALSE
490,65,125,100,60,70,70,FALSE
490,95,110,95,40,95,55,FALSE
350,70,83,50,37,50,60,FALSE
510,100,123,75,57,75,80,FALSE
370,70,55,75,45,65,60,FALSE
510,110,65,105,55,95,80,FALSE
484,85,97,66,105,66,65,FALSE
484,58,109,112,48,48,109,FALSE
300,52,65,50,45,50,38,FALSE
420,72,85,70,65,70,58,FALSE
600,92,105,90,125,90,98,FALSE
360,55,85,55,50,55,60,FALSE
550,85,60,65,135,105,100,FALSE
580,91,90,129,90,72,108,TRUE
580,91,129,90,72,90,108,TRUE
580,91,90,72,90,129,108,TRUE
580,79,115,70,125,80,111,TRUE
580,79,100,80,110,90,121,TRUE
580,79,115,70,125,80,111,TRUE
580,79,105,70,145,80,101,TRUE
680,100,120,100,150,120,90,TRUE
680,100,150,120,120,100,90,TRUE
600,89,125,90,115,80,101,TRUE
600,89,145,90,105,80,91,TRUE
660,125,130,90,130,90,95,TRUE
700,125,170,100,120,90,95,TRUE
700,125,120,90,170,100,95,TRUE
580,91,72,90,129,90,108,FALSE
580,91,72,90,129,90,108,FALSE
600,100,77,77,128,128,90,FALSE
600,100,128,90,77,77,128,FALSE
600,71,120,95,120,95,99,FALSE
313,56,61,65,48,45,38,FALSE
405,61,78,95,56,58,57,FALSE
530,88,107,122,74,75,64,FALSE
307,40,45,40,62,60,60,FALSE
409,59,59,58,90,70,73,FALSE
534,75,69,72,114,100,104,FALSE
314,41,56,40,62,44,71,FALSE
405,54,63,52,83,56,97,FALSE
530,72,95,67,103,71,122,FALSE
237,38,36,38,32,36,57,FALSE
423,85,56,77,50,77,78,FALSE
278,45,50,43,40,38,62,FALSE
382,62,73,55,56,52,84,FALSE
499,78,81,71,74,69,126,FALSE
200,38,35,40,27,25,35,FALSE
213,45,22,60,27,30,29,FALSE
411,80,52,50,90,50,89,FALSE
369,62,50,58,73,54,72,FALSE
507,86,68,72,109,66,106,FALSE
303,44,38,39,61,79,42,FALSE
371,54,45,47,75,98,52,FALSE
552,78,65,68,112,154,75,FALSE
350,66,65,48,62,57,52,FALSE
531,123,100,62,97,81,68,FALSE
348,67,82,62,46,48,43,FALSE
495,95,124,78,69,71,58,FALSE
472,75,80,60,65,90,102,FALSE
355,62,48,54,63,60,68,FALSE
466,74,48,76,83,81,104,FALSE
466,74,48,76,83,81,104,FALSE
325,45,80,100,35,37,28,FALSE
448,59,110,150,45,49,35,FALSE
520,60,150,50,150,50,60,FALSE
520,60,50,150,50,150,60,FALSE
341,78,52,60,63,65,23,FALSE
462,101,72,72,99,89,29,FALSE
341,62,48,66,59,57,49,FALSE
480,82,80,86,85,75,72,FALSE
288,53,54,53,37,46,45,FALSE
482,86,92,88,68,75,73,FALSE
306,42,52,67,39,56,50,FALSE
500,72,105,115,54,86,68,FALSE
320,50,60,60,60,60,30,FALSE
494,65,75,90,97,123,44,FALSE
330,50,53,62,58,63,44,FALSE
500,71,73,88,120,89,59,FALSE
289,44,38,33,61,43,70,FALSE
481,62,55,52,109,94,109,FALSE
362,58,89,77,45,45,48,FALSE
521,82,121,119,69,59,71,FALSE
362,77,59,50,67,63,46,FALSE
521,123,77,72,99,92,58,FALSE
525,95,65,65,110,130,60,FALSE
500,78,92,75,74,63,118,FALSE
431,67,58,57,81,67,101,FALSE
500,50,50,150,50,150,50,FALSE
300,45,50,35,55,75,40,FALSE
452,68,75,53,83,113,60,FALSE
600,90,100,70,110,150,80,FALSE
470,57,80,91,80,87,75,FALSE
309,43,70,48,50,60,38,FALSE
474,85,110,76,65,82,56,FALSE
335,49,66,70,44,55,51,FALSE
335,44,66,70,44,55,56,FALSE
335,54,66,70,44,55,46,FALSE
335,59,66,70,44,55,41,FALSE
494,65,90,122,58,75,84,FALSE
494,55,85,122,58,75,99,FALSE
494,75,95,122,58,75,69,FALSE
494,85,100,122,58,75,54,FALSE
304,55,69,85,32,35,28,FALSE
514,95,117,184,44,46,28,FALSE
245,40,30,35,45,40,55,FALSE
535,85,70,80,97,80,123,FALSE
680,126,131,95,131,98,99,TRUE
680,126,131,95,131,98,99,TRUE
600,108,100,121,81,95,95,TRUE
600,50,100,150,100,150,50,TRUE
700,50,160,110,160,110,110,TRUE
600,80,110,60,150,130,70,TRUE
680,80,160,60,170,130,80,TRUE
600,80,110,120,130,90,70,TRUE
680,126,131,95,131,98,99,TRUE
680,106,148,90,148,90,95,TRUE
580,83,99,106,102,106,80,TRUE
600,104,100,112,88,97,97,TRUE
680,130,124,100,124,102,97,TRUE
680,106,127,92,108,154,91,TRUE
683,108,145,90,153,91,95,TRUE
678,94,100,98,147,142,95,TRUE
672,109,123,96,142,109,91,TRUE
680,129,129,95,129,98,97,TRUE
600,80,108,61,148,128,72,TRUE
580,78,75,145,75,145,60,TRUE
590,95,95,113,95,86,103,TRUE
680,90,120,100,150,119,99,TRUE
718,117,118,120,121,122,119,TRUE
680,83,146,73,163,126,86,TRUE
580,91,128,90,72,90,107,TRUE
693,66,146,106,156,113,103,TRUE
680,100,120,114,150,105,90,TRUE
580,75,124,70,125,70,114,TRUE
592,60,156,38,159,41,135,TRUE
599,107,99,120,81,95,94,TRUE
680,101,120,118,150,100,90,TRUE
693,125,123,91,157,99,96,TRUE
600,100,100,100,100,100,100,TRUE
580,75,124,70,125,70,114,TRUE
580,79,114,71,125,80,109,TRUE
580,78,101,79,111,88,120,TRUE
680,128,129,95,129,98,97,TRUE
698,123,168,99,122,90,95,TRUE
590,84,90,82,127,100,105,TRUE
688,119,166,103,104,97,96,TRUE
580,90,86,76,116,98,112,TRUE
600,91,118,92,111,84,100,TRUE
600,80,82,87,115,124,110,TRUE
597,99,98,97,98,103,100,TRUE
582,112,112,87,91,78,100,TRUE
680,135,118,105,118,106,95,TRUE
582,100,77,115,89,112,86,TRUE
591,60,139,58,139,58,135,TRUE
580,90,92,86,125,88,97,TRUE
697,82,102,117,141,146,107,TRUE
591,106,106,93,95,89,100,TRUE
680,120,93,126,93,143,103,TRUE
581,79,115,71,124,80,110,TRUE
580,89,90,85,125,90,100,TRUE
600,50,75,158,75,158,82,TRUE
682,88,117,102,148,123,101,TRUE
705,114,108,123,108,132,116,TRUE
677,100,150,125,114,97,90,TRUE
718,120,120,118,120,119,119,TRUE
600,66,92,84,114,101,140,TRUE
685,89,152,95,152,95,99,TRUE
679,105,149,90,149,90,95,TRUE
733,117,178,100,134,94,109,TRUE
760,97,147,91,177,154,92,TRUE
580,82,58,100,98,182,58,TRUE
596,96,102,75,118,77,125,TRUE
600,106,100,115,85,96,96,TRUE
590,69,92,125,97,137,67,TRUE
693,119,116,90,165,96,105,TRUE
592,96,111,96,88,96,103,TRUE
590,79,107,64,147,105,85,TRUE
580,79,103,77,113,87,118,TRUE
660,123,129,90,130,91,94,TRUE
687,83,153,97,153,97,100,TRUE
580,80,104,103,106,103,80,TRUE
675,112,161,108,87,106,99,TRUE
596,89,142,90,99,81,94,TRUE
680,83,153,66,166,128,81,TRUE
702,132,120,111,120,111,107,TRUE
593,93,101,101,101,101,93,TRUE
580,79,102,78,112,88,119,TRUE
691,73,155,101,155,101,103,TRUE
580,90,88,72,95,122,109,TRUE
580,97,78,118,90,104,90,TRUE
662,128,128,91,128,91,94,TRUE
580,75,76,128,76,128,94,TRUE
664,130,127,92,127,92,93,TRUE
588,94,94,116,94,84,104,TRUE
596,102,102,97,98,96,100,TRUE
600,80,88,81,126,113,110,TRUE
600,100,100,100,100,100,100,TRUE
600,80,84,85,119,120,110,TRUE
680,100,121,118,150,99,90,TRUE
580,79,111,70,131,80,107,TRUE
680,119,128,96,136,103,96,TRUE
580,104,121,87,82,81,103,TRUE
672,107,157,112,88,107,97,TRUE
600,102,100,106,94,98,98,TRUE
677,100,126,124,138,97,90,TRUE
708,116,111,122,111,129,117,TRUE
670,100,100,90,149,140,90,TRUE
712,120,125,90,171,110,94,TRUE
580,75,123,70,126,70,113,TRUE
680,126,130,95,130,98,98,TRUE
580,85,93,83,119,90,107,TRUE
680,85,148,71,164,127,82,TRUE
598,98,100,100,100,100,98,TRUE
697,122,167,102,120,91,94,TRUE
680,150,108,111,108,111,90,TRUE
715,120,121,117,121,117,117,TRUE
589,85,85,80,99,129,108,TRUE
770,100,150,88,181,156,94,TRUE
690,120,166,103,106,96,96,TRUE
599,88,125,89,115,79,101,TRUE
689,65,160,83,165,120,94,TRUE
589,71,89,81,105,95,144,TRUE
600,106,100,116,85,96,96,TRUE
591,100,95,124,84,85,100,TRUE
588,94,91,100,97,114,91,TRUE
680,100,121,120,148,100,90,TRUE
591,84,84,82,101,129,109,TRUE
684,125,128,93,140,98,98,TRUE
680,106,92,127,91,154,108,TRUE
680,108,112,90,151,90,126,TRUE
680,110,124,109,142,99,93,TRUE
599,50,179,20,179,20,149,TRUE
683,104,153,116,120,98,90,TRUE
675,104,154,115,103,104,94,TRUE
600,100,100,100,100,100,100,TRUE
670,100,150,138,101,90,90,TRUE
592,59,140,57,140,57,136,TRUE
761,102,146,90,178,152,90,TRUE
594,90,92,101,128,100,80,TRUE
691,113,120,94,161,108,92,TRUE
599,50,99,150,99,150,50,TRUE
600,62,92,85,109,98,150,TRUE
582,84,86,77,112,98,124,TRUE
580,79,53,104,96,190,56,TRUE
580,81,98,80,112,90,116,TRUE
693,132,154,100,120,93,93,TRUE
680,108,147,90,147,91,95,TRUE
680,126,131,95,131,98,99,TRUE
754,105,177,146,143,90,91,TRUE
674,97,100,94,148,141,92,TRUE
696,122,118,90,167,98,100,TRUE
689,85,110,109,145,134,104,TRUE
697,121,167,102,120,91,94,TRUE
680,125,131,95,130,98,98,TRUE
580,90,87,79,119,95,107,TRUE
680,126,131,95,131,98,99,TRUE
711,126,115,120,115,120,113,TRUE
585,79,106,67,146,92,93,TRUE
593,60,157,37,160,40,136,TRUE
580,79,111,72,121,82,113,TRUE
580,80,95,190,54,109,50,TRUE
600,93,115,93,109,87,100,TRUE
580,80,75,148,75,149,50,TRUE
680,126,131,95,131,98,99,TRUE
590,64,88,150,88,150,50,TRUE
679,105,129,90,110,153,90,TRUE
778,104,174,98,180,111,110,TRUE
598,53,94,88,96,90,174,TRUE
580,83,98,103,101,111,81,TRUE
600,86,98,111,130,99,74,TRUE
680,137,125,97,125,98,94,TRUE
592,79,93,80,122,102,114,TRUE
581,89,85,75,116,100,114,TRUE
672,112,142,90,142,90,95,TRUE
600,92,116,93,109,86,100,TRUE
680,150,111,108,111,108,90,TRUE
680,104,112,98,152,92,119,TRUE
597,90,91,103,129,103,78,TRUE
594,57,138,55,148,57,137,TRUE
580,77,91,116,91,116,86,TRUE
590,84,105,73,138,109,79,TRUE
682,107,152,91,146,90,95,TRUE
665,125,130,91,130,92,96,TRUE
680,144,122,98,122,99,92,TRUE
580,79,75,148,75,148,53,TRUE
775,103,150,79,187,138,116,TRUE
580,90,85,75,115,99,113,TRUE
685,80,152,70,167,127,87,TRUE
580,79,115,70,125,80,111,TRUE
584,94,92,127,87,77,104,TRUE
595,89,141,90,96,82,95,TRUE
600,89,105,110,116,94,83,TRUE
680,103,126,93,124,141,90,TRUE
676,95,100,96,147,142,94,TRUE
671,98,103,91,150,136,91,TRUE
707,122,123,90,171,106,94,TRUE
590,64,127,59,147,64,125,TRUE
600,50,74,158,74,158,83,TRUE
670,101,151,135,96,93,91,TRUE
580,75,123,70,125,71,114,TRUE
774,102,150,80,186,140,114,TRUE
600,84,100,79,112,79,143,TRUE
680,112,141,108,125,99,94,TRUE
680,103,142,97,150,92,93,TRUE
600,96,95,102,112,102,90,TRUE
600,80,82,87,115,124,110,TRUE
600,98,102,98,101,97,100,TRUE
727,117,128,125,124,115,115,TRUE
580,79,104,71,143,80,100,TRUE
581,72,74,132,74,132,94,TRUE
600,100,100,100,100,100,100,TRUE
770,100,151,90,179,157,91,TRUE
589,80,87,81,124,95,119,TRUE
580,88,87,75,114,98,116,TRUE
780,105,180,100,177,100,116,TRUE
717,121,120,118,120,118,118,TRUE
680,100,120,101,150,118,90,TRUE
698,125,167,99,120,90,95,TRUE
700,80,101,119,140,148,110,TRUE
773,101,183,140,151,93,103,TRUE
580,97,79,113,92,113,84,TRUE
680,106,123,96,106,154,93,TRUE
780,105,186,100,162,100,124,TRUE
581,113,113,86,90,76,100,TRUE
580,86,95,108,100,108,81,TRUE
692,110,99,126,99,143,113,TRUE
583,88,84,77,114,105,114,TRUE
680,91,120,102,150,117,98,TRUE
680,120,128,96,134,102,97,TRUE
580,91,90,127,90,73,107,TRUE
580,79,105,70,144,80,101,TRUE
587,67,128,62,134,68,126,TRUE
694,139,120,107,120,107,100,TRUE
592,59,140,57,140,57,136,TRUE
584,84,103,103,103,103,84,TRUE
580,89,100,89,125,85,89,TRUE
600,74,90,85,132,98,118,TRUE
600,83,103,75,143,121,72,TRUE
600,100,100,100,100,100,100,TRUE
680,99,120,100,150,120,90,TRUE
580,90,96,88,125,86,93,TRUE
777,104,187,115,152,97,119,TRUE
684,95,122,115,152,104,94,TRUE
580,79,109,73,119,83,114,TRUE
680,100,120,102,150,117,90,TRUE
591,61,149,40,165,44,130,TRUE
680,122,129,98,133,98,97,TRUE
743,110,148,139,134,105,105,TRUE
580,89,86,100,95,123,84,TRUE
597,97,100,100,100,100,97,TRUE
600,81,108,118,130,91,70,TRUE
679,100,150,119,117,100,90,TRUE
680,94,120,108,150,111,95,TRUE
680,111,125,97,141,109,94,TRUE
580,90,97,88,125,86,92,TRUE
590,84,87,77,122,105,112,TRUE
580,85,102,81,133,82,94,TRUE
600,73,90,86,133,97,119,TRUE
772,101,180,146,156,92,95,TRUE
597,53,100,156,93,143,50,TRUE
777,104,187,114,153,97,120,TRUE
600,70,90,89,134,91,123,TRUE
698,122,120,90,168,101,94,TRUE
591,89,137,90,90,84,98,TRUE
582,78,98,81,112,90,121,TRUE
580,79,104,77,114,87,118,TRUE
580,76,121,70,125,73,113,TRUE
693,121,167,102,111,94,96,TRUE
670,109,159,112,81,108,99,TRUE
598,52,70,159,70,159,86,TRUE
593,97,109,96,90,96,102,TRUE
580,79,115,70,125,80,111,TRUE
747,108,176,140,140,90,91,TRUE
580,88,88,100,96,121,84,TRUE
600,82,105,69,145,124,71,TRUE
684,95,122,115,152,104,94,TRUE
690,113,160,109,120,94,92,TRUE
600,68,91,83,117,102,135,TRUE
780,105,172,92,183,105,121,TRUE
600,89,123,90,114,81,100,TRUE
699,123,169,100,120,90,94,TRUE
600,102,100,107,93,98,98,TRUE
688,91,111,108,145,133,98,TRUE
739,92,154,100,169,110,112,TRUE
584,90,132,90,79,87,104,TRUE
580,90,89,75,90,128,105,TRUE
580,77,91,116,91,116,86,TRUE
586,70,103,118,103,118,70,TRUE
739,91,141,94,171,142,98,TRUE
767,108,186,100,148,98,124,TRUE
580,83,94,78,111,93,118,TRUE
680,106,130,90,110,153,90,TRUE
580,79,113,70,127,80,109,TRUE
680,117,127,96,137,105,95,TRUE
592,60,62,138,80,174,75,TRUE
580,78,75,145,75,145,61,TRUE
595,56,94,150,94,150,50,TRUE
582,79,98,80,112,92,119,TRUE
676,145,121,98,121,98,90,TRUE
580,90,86,76,116,98,111,TRUE
666,118,136,90,136,90,95,TRUE
679,90,119,99,150,120,99,TRUE
681,98,118,101,149,121,91,TRUE
599,99,102,75,119,75,126,TRUE
599,90,90,104,129,105,78,TRUE
680,115,120,92,143,93,115,TRUE
580,80,82,165,67,134,50,TRUE
580,88,83,109,91,129,78,TRUE
678,100,125,123,140,98,90,TRUE
582,80,116,72,123,80,109,TRUE
719,120,127,85,175,104,106,TRUE
699,50,159,109,159,109,109,TRUE
580,78,115,70,125,79,111,TRUE
700,57,152,107,160,112,110,TRUE
600,89,127,90,113,80,99,TRUE
584,83,100,78,112,86,122,TRUE
680,111,144,91,144,92,96,TRUE
678,101,151,118,112,101,91,TRUE
580,96,78,109,91,118,85,TRUE
680,139,124,97,124,99,93,TRUE
680,125,130,94,132,98,98,TRUE
670,100,150,138,101,90,90,TRUE
580,80,103,105,104,105,80,TRUE
592,61,62,136,81,175,74,TRUE
780,105,185,100,164,100,123,TRUE
587,69,57,121,89,185,64,TRUE
672,101,97,98,137,142,94,TRUE
672,114,152,106,92,106,99,TRUE
680,99,120,119,150,100,90,TRUE
594,90,92,101,128,100,80,TRUE
677,100,115,97,150,124,90,TRUE
580,80,113,72,125,80,108,TRUE
679,125,130,94,130,97,98,TRUE
680,122,129,98,133,98,97,TRUE
700,52,157,109,160,110,110,TRUE
580,89,90,84,125,91,99,TRUE
775,103,185,129,152,95,110,TRUE
593,105,105,94,96,91,100,TRUE
598,80,80,88,110,127,110,TRUE
697,81,102,117,141,146,108,TRUE
680,126,131,95,131,98,99,TRUE
580,100,75,115,89,114,85,TRUE
742,80,172,140,153,97,97,TRUE
598,52,97,150,97,150,50,TRUE
680,126,131,95,131,98,99,TRUE
680,100,120,104,150,115,90,TRUE
587,68,68,118,100,181,50,TRUE
600,80,80,89,110,129,110,TRUE
760,103,168,152,144,95,95,TRUE
680,101,131,108,150,96,91,TRUE
587,94,118,93,82,93,105,TRUE
580,88,100,92,122,87,88,TRUE
685,72,160,72,167,124,87,TRUE
588,85,104,76,135,104,81,TRUE
580,79,113,70,128,80,109,TRUE
680,141,111,110,111,111,93,TRUE
600,103,100,109,91,97,97,TRUE
680,112,130,91,116,135,92,TRUE
760,98,167,100,175,104,113,TRUE
580,90,85,74,111,104,113,TRUE
596,55,95,150,95,150,50,TRUE
600,100,100,100,100,100,100,TRUE
700,76,133,101,160,118,110,TRUE
594,95,137,88,101,78,93,TRUE
676,119,142,100,110,102,99,TRUE
592,89,138,90,92,83,97,TRUE
600,80,85,84,120,119,110,TRUE
580,108,118,86,85,78,102,TRUE
682,125,136,95,129,96,98,TRUE
580,75,72,127,77,136,90,TRUE
583,90,90,89,125,93,95,TRUE
679,124,133,96,126,99,99,TRUE
600,102,100,106,94,98,98,TRUE
595,106,93,119,83,99,92,TRUE
680,116,139,92,139,94,97,TRUE
597,52,173,25,174,26,146,TRUE
580,92,86,125,90,81,102,TRUE
587,67,140,50,146,56,126,TRUE
581,77,100,196,53,103,50,TRUE
715,121,125,86,174,103,103,TRUE
585,79,97,80,115,95,117,TRUE
680,101,127,92,121,143,92,TRUE
719,120,119,120,119,120,119,TRUE
598,101,101,98,99,98,100,TRUE
713,120,121,116,121,116,116,TRUE
600,50,71,159,71,159,88,TRUE
591,84,132,81,113,80,99,TRUE
673,100,107,93,150,132,90,TRUE
708,128,120,114,120,114,111,TRUE
679,100,150,120,119,99,90,TRUE
680,150,116,103,116,103,90,TRUE
580,93,81,105,93,121,85,TRUE
674,102,112,90,132,146,90,TRUE
580,75,78,127,78,127,93,TRUE
690,89,109,110,144,135,100,TRUE
589,65,131,60,136,65,129,TRUE
596,98,98,95,98,104,101,TRUE
680,109,123,111,143,99,93,TRUE
725,118,176,100,130,93,106,TRUE
680,116,127,103,137,98,95,TRUE
580,80,104,104,104,104,80,TRUE
600,80,82,87,114,125,110,TRUE
585,87,90,83,126,95,102,TRUE
597,87,123,87,116,80,102,TRUE
600,80,85,84,121,118,110,TRUE
582,76,127,72,122,71,112,TRUE
589,83,129,79,115,80,101,TRUE
684,87,129,102,152,117,94,TRUE
599,50,70,159,70,159,89,TRUE
680,128,129,95,129,98,98,TRUE
584,92,88,100,96,119,88,TRUE
599,50,70,159,70,159,89,TRUE
600,68,91,83,117,102,135,TRUE
680,121,129,95,134,101,97,TRUE
600,50,171,28,171,28,150,TRUE
672,125,130,93,130,95,97,TRUE
586,86,90,83,126,96,103,TRUE
780,105,182,100,174,100,118,TRUE
670,105,155,122,88,101,95,TRUE
580,90,89,79,118,95,106,TRUE
600,107,100,119,82,95,95,TRUE
580,85,91,77,112,95,117,TRUE
693,110,100,126,100,142,113,TRUE
580,88,102,87,125,84,92,TRUE
700,72,137,102,160,117,110,TRUE
580,86,101,94,118,91,86,TRUE
591,62,61,134,82,177,72,TRUE
674,100,150,130,109,94,90,TRUE
680,93,126,97,150,113,98,TRUE
580,88,102,86,125,84,93,TRUE
581,79,117,71,123,80,109,TRUE
591,84,82,83,112,116,112,TRUE
600,103,100,107,92,98,98,TRUE
580,83,98,103,101,111,81,TRUE
680,133,127,96,127,98,96,TRUE
680,150,118,101,118,101,90,TRUE
676,125,130,94,130,96,98,TRUE
600,102,100,106,93,98,98,TRUE
675,125,130,93,130,96,98,TRUE
771,100,154,91,180,150,94,TRUE
600,101,100,103,96,99,99,TRUE
580,95,81,112,93,112,83,TRUE
580,77,109,76,115,82,118,TRUE
680,116,130,92,120,125,94,TRUE
682,107,152,91,145,90,95,TRUE
593,97,96,90,96,109,102,TRUE
599,99,103,74,120,75,126,TRUE
600,73,98,82,106,82,154,TRUE
592,60,71,156,71,156,75,TRUE
680,89,119,100,149,120,100,TRUE
589,89,102,102,102,102,89,TRUE
584,90,132,90,79,87,104,TRUE
595,82,81,92,106,128,104,TRUE
581,79,115,71,124,80,110,TRUE
580,84,98,107,101,107,81,TRUE
670,100,150,139,99,90,90,TRUE
580,90,92,86,125,88,97,TRUE
596,82,81,86,106,129,109,TRUE
580,75,122,70,125,72,114,TRUE
594,56,143,55,143,55,140,TRUE
778,105,188,106,153,98,125,TRUE
672,100,105,98,150,128,90,TRUE
580,79,111,70,132,80,107,TRUE
741,110,137,90,175,135,92,TRUE
673,141,123,96,123,96,91,TRUE
598,80,80,88,108,129,109,TRUE
680,106,148,90,148,90,95,TRUE
592,61,81,131,100,168,50,TRUE
583,82,100,79,111,87,121,TRUE
672,125,130,93,130,95,97,TRUE
776,103,174,96,164,123,114,TRUE
584,111,111,88,92,81,100,TRUE
600,50,94,89,95,90,179,TRUE
580,81,75,125,79,125,92,TRUE
582,82,104,104,104,104,82,TRUE
680,103,121,99,147,116,91,TRUE
580,79,111,70,132,80,107,TRUE
698,81,129,101,159,118,108,TRUE
593,59,138,56,142,59,137,TRUE
680,107,147,90,147,91,95,TRUE
671,100,102,91,150,137,90,TRUE
674,117,145,102,105,104,99,TRUE
600,50,97,150,97,150,53,TRUE
680,139,124,97,124,99,93,TRUE
581,90,86,75,115,98,115,TRUE
580,78,97,111,97,111,83,TRUE
580,84,102,98,113,96,84,TRUE
580,89,100,89,125,84,90,TRUE
591,106,106,93,95,89,100,TRUE
580,79,104,77,114,87,118,TRUE
704,123,121,90,170,103,94,TRUE
580,90,86,93,93,125,90,TRUE
680,126,94,125,94,138,100,TRUE
600,104,100,110,90,97,97,TRUE
680,106,148,90,148,90,95,TRUE
580,90,92,86,125,88,97,TRUE
681,103,90,129,93,153,110,TRUE
600,74,90,85,132,98,118,TRUE
699,124,169,100,120,90,94,TRUE
587,86,86,76,120,103,113,TRUE
580,78,77,123,79,128,92,TRUE
692,87,126,107,156,112,102,TRUE
594,90,92,101,128,100,80,TRUE
680,106,114,105,102,154,97,TRUE
580,80,104,73,141,80,99,TRUE
584,72,100,188,61,111,50,TRUE
688,109,96,127,96,146,112,TRUE
581,114,114,85,90,76,100,TRUE
581,77,53,103,100,196,50,TRUE
590,85,97,105,117,105,78,TRUE
680,97,120,100,150,120,92,TRUE
682,125,129,94,135,98,98,TRUE
680,99,120,100,150,120,90,TRUE
596,58,70,152,73,152,89,TRUE
680,130,125,99,125,102,97,TRUE
580,79,112,70,130,80,108,TRUE
679,100,121,121,147,99,90,TRUE
748,95,160,100,172,107,113,TRUE
580,94,75,118,86,118,87,TRUE
599,50,70,159,70,159,90,TRUE
598,79,90,80,128,108,110,TRUE
660,125,130,90,130,90,95,TRUE
586,93,120,93,80,93,105,TRUE
600,89,130,90,112,80,98,TRUE
680,100,124,115,150,98,90,TRUE
600,100,100,100,100,100,100,TRUE
710,126,115,120,115,120,113,TRUE
700,51,158,109,160,110,110,TRUE
676,108,146,90,146,90,95,TRUE
719,120,127,85,175,104,105,TRUE
600,104,100,112,88,96,96,TRUE
585,102,82,116,87,109,87,TRUE
583,83,104,104,104,104,83,TRUE
580,77,111,70,138,76,105,TRUE
580,80,98,79,110,91,120,TRUE
780,105,185,100,165,100,123,TRUE
596,98,98,105,98,94,101,TRUE
664,120,134,90,134,90,95,TRUE
587,67,122,62,146,68,119,TRUE
680,141,110,111,110,112,93,TRUE
580,111,117,85,87,77,101,TRUE
582,75,78,150,78,150,50,TRUE
680,98,120,116,150,103,91,TRUE
580,76,117,72,120,75,116,TRUE
600,87,96,110,130,100,74,TRUE
681,96,122,100,150,119,91,TRUE
580,93,75,119,85,119,87,TRUE
600,106,100,117,84,95,95,TRUE
600,94,114,82,117,77,113,TRUE
580,114,115,85,89,75,100,TRUE
680,107,90,129,90,152,109,TRUE
777,104,187,116,152,97,118,TRUE
680,109,90,129,90,151,108,TRUE
580,90,86,77,117,97,110,TRUE
680,110,114,91,149,91,123,TRUE
680,96,120,112,150,107,93,TRUE
668,135,125,94,125,94,92,TRUE
599,99,100,100,100,100,99,TRUE
600,104,100,111,89,97,97,TRUE
680,98,152,82,155,100,91,TRUE
595,98,106,97,94,97,101,TRUE
670,106,156,120,87,102,96,TRUE
580,79,107,70,140,80,103,TRUE
671,100,104,90,144,141,90,TRUE
580,82,103,100,110,99,82,TRUE
700,80,126,102,157,123,110,TRUE
698,125,166,99,121,90,95,TRUE
580,88,75,135,81,135,64,TRUE
580,79,115,70,125,80,111,TRUE
600,103,100,108,92,97,97,TRUE
599,50,99,150,99,150,50,TRUE
580,93,85,124,90,84,101,TRUE
680,129,129,95,129,98,97,TRUE
600,89,130,90,112,80,98,TRUE
580,90,88,72,96,121,109,TRUE
600,63,91,90,121,90,144,TRUE
590,90,108,72,122,77,119,TRUE
590,104,87,118,85,104,90,TRUE
580,90,85,96,94,125,88,TRUE
585,87,95,77,132,101,91,TRUE
675,100,111,95,150,128,90,TRUE
764,102,173,155,146,93,93,TRUE
585,71,82,150,82,150,50,TRUE
680,91,118,98,150,116,103,TRUE
680,116,139,92,139,94,97,TRUE
596,79,91,80,126,106,111,TRUE
585,84,100,78,112,86,122,TRUE
596,54,169,28,171,29,143,TRUE
600,87,97,89,137,114,74,TRUE
580,79,107,70,139,80,103,TRUE
580,75,124,70,125,70,114,TRUE
675,96,100,95,148,141,93,TRUE
665,125,130,91,130,92,96,TRUE
588,97,94,125,86,81,102,TRUE
680,97,120,115,150,104,92,TRUE
580,87,77,100,96,140,77,TRUE
589,66,59,127,86,181,68,TRUE
726,118,176,100,131,93,106,TRUE
581,76,110,66,147,75,104,TRUE
599,88,144,89,105,80,91,TRUE
680,121,126,93,135,96,105,TRUE
680,109,146,91,146,91,95,TRUE
583,83,104,104,104,104,83,TRUE
760,97,147,91,177,154,92,TRUE
682,107,152,91,146,90,95,TRUE
580,91,83,102,94,123,85,TRUE
600,50,91,152,91,152,61,TRUE
580,89,75,121,83,121,89,TRUE
772,101,156,92,180,146,95,TRUE
592,96,94,100,98,109,94,TRUE
775,103,172,95,165,126,112,TRUE
695,119,120,96,165,100,93,TRUE
580,75,75,131,75,131,91,TRUE
680,104,150,91,148,90,94,TRUE
596,102,102,97,98,95,100,TRUE
675,104,154,115,101,104,94,TRUE
592,61,80,130,100,169,50,TRUE
670,100,150,137,98,91,90,TRUE
600,97,97,101,107,101,94,TRUE
594,103,97,123,83,88,98,TRUE
600,82,82,91,108,125,108,TRUE
680,90,121,99,150,118,99,TRUE
685,79,130,102,152,117,102,TRUE
680,150,100,119,100,119,90,TRUE
681,78,160,62,169,128,81,TRUE
693,59,160,94,163,116,100,TRUE
580,75,77,135,72,127,91,TRUE
600,80,100,69,140,120,89,TRUE
588,67,102,123,102,123,67,TRUE
600,92,91,104,124,104,81,TRUE
580,77,89,171,60,112,68,TRUE
592,92,101,101,101,101,92,TRUE
580,77,119,70,125,75,112,TRUE
593,97,109,96,91,96,102,TRUE
580,90,99,89,125,85,90,TRUE
580,79,115,70,125,80,111,TRUE
600,87,96,110,130,101,74,TRUE
664,125,130,91,130,91,95,TRUE
580,90,92,86,125,88,97,TRUE
680,100,120,112,150,107,90,TRUE
687,84,153,97,153,97,100,TRUE
580,82,100,74,138,83,100,TRUE
599,80,109,60,149,129,70,TRUE
600,79,90,80,130,109,110,TRUE
595,82,90,81,128,105,107,TRUE
680,108,156,126,106,90,91,TRUE
582,76,127,72,122,71,111,TRUE
592,91,101,76,116,80,124,TRUE
588,67,58,125,87,183,66,TRUE
700,80,110,112,147,139,110,TRUE
580,80,98,79,110,91,120,TRUE
580,81,104,102,108,101,81,TRUE
680,150,106,113,106,113,90,TRUE
675,100,132,128,129,95,90,TRUE
600,100,100,100,100,100,100,TRUE
580,80,69,138,80,161,50,TRUE
752,107,158,145,139,100,100,TRUE
581,90,89,73,91,129,108,TRUE
670,106,156,121,87,102,96,TRUE
580,79,115,70,125,80,111,TRUE
580,80,98,79,110,91,120,TRUE
580,91,75,119,85,119,88,TRUE
591,84,82,94,103,127,99,TRUE
693,140,106,120,106,120,99,TRUE
600,50,158,41,158,41,150,TRUE
680,134,120,103,120,105,95,TRUE
711,120,171,109,124,90,94,TRUE
665,125,130,91,130,92,96,TRUE
584,87,94,79,130,98,93,TRUE
600,90,122,90,113,81,100,TRUE
680,101,117,113,150,97,99,TRUE
672,100,150,134,105,92,90,TRUE
680,133,127,96,127,98,96,TRUE
680,102,127,92,118,147,92,TRUE
600,89,123,90,113,81,100,TRUE
587,94,118,93,82,93,105,TRUE
683,104,153,116,120,98,90,TRUE
680,102,115,107,151,95,107,TRUE
597,106,98,121,81,92,96,TRUE
670,104,154,127,91,98,94,TRUE
600,100,100,100,100,100,100,TRUE
680,94,117,97,151,111,108,TRUE
592,65,94,130,98,140,63,TRUE
580,79,100,198,51,101,50,TRUE
